1,MBA - HR/LABOR LAWS,Alicia@cleardesk.com,+299 (277)511-6419x18106,Alicia . Taylor
2,MBA - HR/LABOR LAWS,Matthew@cleardesk.com,+965 (970)441-8467x59538,Matthew . Leonard
3,MBA - HR/LABOR LAWS,Connie@cleardesk.com,+508 +1-342-896-0433x486,Connie . Rodriguez
4,MBA - HR/LABOR LAWS,Denise@cleardesk.com,+370 936-639-9872,Denise . Robles
5,MBA - HR/LABOR LAWS,Jason@cleardesk.com,+1 670 (322)374-2016,Jason . Chung
6,MBA - HR/LABOR LAWS,Diana@cleardesk.com,+881 2 953.440.8340x798,Diana . Rivera
7,MBA - HR/LABOR LAWS,Alan@cleardesk.com,+961 896.547.5348x0178,Alan . Rodgers
8,MBA - HR/LABOR LAWS,Kayla@cleardesk.com,+882 6556398886,Kayla . Durham
9,MBA - HR/LABOR LAWS,Ashley@cleardesk.com,+970 9022655500,Ashley . Fritz
10,MBA - HR/LABOR LAWS,Donna@cleardesk.com,+52 3962729844,Donna . Fuentes
11,MBA - HR/LABOR LAWS,Lauren@cleardesk.com,+49 001-449-379-6375,Lauren . Castro
12,MBA - HR/LABOR LAWS,Anthony@cleardesk.com,+599 3 396.704.6608x1243,Anthony . Turner
13,MBA - HR/LABOR LAWS,Juan@cleardesk.com,+882 16 (373)430-6378x316,Juan . Hobbs
14,MBA - HR/LABOR LAWS,Cory@cleardesk.com,+504 924.840.5167x7916,Cory . Costa
15,MBA - HR/LABOR LAWS,Brian@cleardesk.com,+52 576-431-8173x954,Brian . Hernandez
16,MBA - HR/LABOR LAWS,Michael@cleardesk.com,+966 +1-406-742-7495,Michael . Dalton
17,MBA - HR/LABOR LAWS,Preston@cleardesk.com,+590 (342)742-9584x6558,Preston . Shelton
18,MBA - HR/LABOR LAWS,Robert@cleardesk.com,+979 897.846.6992,Robert . Hoover
19,MBA - HR/LABOR LAWS,Susan@cleardesk.com,+967 323-544-5804x6585,Susan . Glass
20,MBA - HR/LABOR LAWS,Ian@cleardesk.com,+90 710.278.6486x39798,Ian . Phillips
21,MBA - HR/LABOR LAWS,Stacey@cleardesk.com,+599 3 3899890233,Stacey . Barajas
22,MBA - HR/LABOR LAWS,Carlos@cleardesk.com,+1 649 (499)432-6743,Carlos . Sanders
23,MBA - HR/LABOR LAWS,Erik@cleardesk.com,+373 5 001-305-909-4203x187,Erik . Gonzalez
24,MBA - HR/LABOR LAWS,Aaron@cleardesk.com,+226 231.405.8493x8895,Aaron . Ali
25,MBA - HR/LABOR LAWS,Darlene@cleardesk.com,+599 4 (478)914-1795x592,Darlene . Gibson
26,MBA - HR/LABOR LAWS,Michael@cleardesk.com,+1 649 +1-672-423-5511x2984,Michael . Rodriguez
27,MBA - HR/LABOR LAWS,Denise@cleardesk.com,+599 7 +1-462-974-7326x7145,Denise . Kennedy
28,MBA - HR/LABOR LAWS,Kelsey@cleardesk.com,+387 577-574-1965x04375,Kelsey . Myers
29,MBA - HR/LABOR LAWS,Angela@cleardesk.com,+682 +1-790-647-9756,Angela . Nguyen
30,MBA - HR/LABOR LAWS,Ashley@cleardesk.com,+870 852.316.9497,Ashley . Johnson
31,MBA - HR/LABOR LAWS,Rachel@cleardesk.com,+226 +1-270-224-4879x295,Rachel . Lynch
32,MBA - HR/LABOR LAWS,Cheryl@cleardesk.com,+1 649 377.896.3558x22147,Cheryl . Jones
33,MBA - HR/LABOR LAWS,Cody@cleardesk.com,+257 406-799-9643x318,Cody . Chavez
34,MBA - HR/LABOR LAWS,Andrew@cleardesk.com,+243 331-777-9370x90144,Andrew . Guerrero
35,MBA - HR/LABOR LAWS,Jerry@cleardesk.com,+508 618.339.5764x8256,Jerry . Moore
36,MBA - HR/LABOR LAWS,Robert@cleardesk.com,+216 740-691-3438x8961,Robert . Adams
37,MBA - HR/LABOR LAWS,Brandon@cleardesk.com,+883 609-523-2112x109,Brandon . Thomas
38,MBA - HR/LABOR LAWS,Susan@cleardesk.com,+385 +1-592-640-4311x28978,Susan . Robinson
39,MBA - HR/LABOR LAWS,Dana@cleardesk.com,+252 7995864865,Dana . Gonzalez
40,MBA - HR/LABOR LAWS,James@cleardesk.com,+1 340 (259)824-5028,James . Mitchell
41,MBA - HR/LABOR LAWS,Christopher@cleardesk.com,+676 001-749-515-1749,Christopher . Baxter
42,MBA - HR/LABOR LAWS,Jerry@cleardesk.com,+94 730.597.9216x1743,Jerry . Williams
43,MBA - HR/LABOR LAWS,Juan@cleardesk.com,+1 671 440-985-0158x492,Juan . Perry
44,MBA - HR/LABOR LAWS,Donna@cleardesk.com,+681 +1-925-890-8521,Donna . Gonzalez
45,MBA - HR/LABOR LAWS,Rachael@cleardesk.com,+64 247.912.7258,Rachael . Holland
46,MBA - HR/LABOR LAWS,Bonnie@cleardesk.com,+1 340 (407)956-8983x27352,Bonnie . Glass
47,MBA - HR/LABOR LAWS,Andrew@cleardesk.com,+1 268 001-421-569-3588x0144,Andrew . Scott
48,MBA - HR/LABOR LAWS,James@cleardesk.com,+964 727-357-6756x4043,James . Taylor
49,MBA - HR/LABOR LAWS,Jennifer@cleardesk.com,+386 5802020816,Jennifer . King
50,MBA - HR/LABOR LAWS,Christine@cleardesk.com,+374 97 +1-665-651-1005x0482,Christine . Mayer
51,MBA - HR/LABOR LAWS,Anthony@cleardesk.com,+49 595.350.4918x496,Anthony . Mccarthy
52,MBA - HR/LABOR LAWS,James@cleardesk.com,+1 670 (627)750-9557,James . Edwards
53,MBA - HR/LABOR LAWS,Mark@cleardesk.com,+98 (466)438-4432x93486,Mark . Baker
54,MBA - HR/LABOR LAWS,Cynthia@cleardesk.com,+55 844.977.7760x778,Cynthia . Woodard
55,MBA - HR/LABOR LAWS,Angela@cleardesk.com,+385 8158135761,Angela . Avila
56,MBA - HR/LABOR LAWS,Nicole@cleardesk.com,+52 001-796-917-1641,Nicole . Porter
57,MBA - HR/LABOR LAWS,Justin@cleardesk.com,+881 0 772.852.5156,Justin . Ramirez
58,MBA - HR/LABOR LAWS,Nicole@cleardesk.com,+262 269 367.415.0290,Nicole . Peterson
59,MBA - HR/LABOR LAWS,Rebecca@cleardesk.com,+231 531-728-2935,Rebecca . Ramsey
60,MBA - HR/LABOR LAWS,Kelsey@cleardesk.com,+374 47 853-274-4603x922,Kelsey . Owens
61,MBA - HR/LABOR LAWS,Michael@cleardesk.com,+222 +1-768-734-7610x156,Michael . Graham
62,MBA - HR/LABOR LAWS,Yolanda@cleardesk.com,+212 +1-430-970-6674x771,Yolanda . Moody
63,MBA - HR/LABOR LAWS,Nicholas@cleardesk.com,+86 001-344-895-2233x019,Nicholas . Gutierrez
64,MBA - HR/LABOR LAWS,Anne@cleardesk.com,+853 791.377.3841,Anne . Stevenson
65,MBA - HR/LABOR LAWS,Tamara@cleardesk.com,+267 001-508-433-9924x680,Tamara . Stevenson
66,MBA - HR/LABOR LAWS,Mary@cleardesk.com,+224 505.806.2629x526,Mary . Baker
67,MBA - HR/LABOR LAWS,Kimberly@cleardesk.com,+211 521-436-8467,Kimberly . Barron
68,MBA - HR/LABOR LAWS,Tammy@cleardesk.com,+269 584.360.9335,Tammy . Stewart
69,MBA - HR/LABOR LAWS,Misty@cleardesk.com,+505 +1-464-680-7719x01581,Misty . Jones
70,MBA - HR/LABOR LAWS,Jesse@cleardesk.com,+235 734.602.9842,Jesse . Burke
71,MBA - HR/LABOR LAWS,Sarah@cleardesk.com,+1 671 204-359-9622,Sarah . Gilbert
72,MBA - HR/LABOR LAWS,John@cleardesk.com,+686 (894)251-0577,John . Santiago
73,MBA - HR/LABOR LAWS,April@cleardesk.com,+374 47 719.751.3573,April . Parker
74,MBA - HR/LABOR LAWS,Denise@cleardesk.com,+220 (625)601-7811,Denise . Waters
75,MBA - HR/LABOR LAWS,Susan@cleardesk.com,+213 381-586-2353x649,Susan . Frost
76,MBA - HR/LABOR LAWS,Douglas@cleardesk.com,+355 001-344-764-4909x596,Douglas . Yang
77,MBA - HR/LABOR LAWS,Jodi@cleardesk.com,+262 639 (469)914-9884x39862,Jodi . Jackson
78,MBA - HR/LABOR LAWS,Joseph@cleardesk.com,+241 550-730-7280,Joseph . Torres
79,MBA - HR/LABOR LAWS,Caroline@cleardesk.com,+231 001-843-686-7279x441,Caroline . Delacruz
80,MBA - HR/LABOR LAWS,Richard@cleardesk.com,+47 4467426459,Richard . Palmer
81,MBA - HR/LABOR LAWS,Kimberly@cleardesk.com,+596 +1-231-497-0884x6977,Kimberly . Fox
82,MBA - HR/LABOR LAWS,Anthony@cleardesk.com,+261 (641)578-5637x3851,Anthony . Mueller
83,MBA - HR/LABOR LAWS,Rodney@cleardesk.com,+1 758 (767)824-5523,Rodney . Lewis
84,MBA - HR/LABOR LAWS,Kenneth@cleardesk.com,+254 953.979.6507x23325,Kenneth . Johnson
85,MBA - HR/LABOR LAWS,Keith@cleardesk.com,+993 001-539-257-5388x4447,Keith . Vazquez
86,MBA - HR/LABOR LAWS,Karen@cleardesk.com,+965 935-446-4921x11271,Karen . Bass
87,MBA - HR/LABOR LAWS,Raymond@cleardesk.com,+881 3 709-219-2791x68806,Raymond . Whitehead
88,MBA - HR/LABOR LAWS,Matthew@cleardesk.com,+1 246 312-787-9340x04615,Matthew . Coleman
89,MBA - HR/LABOR LAWS,Lori@cleardesk.com,+1 808 (600)770-9489,Lori . Patterson
90,MBA - HR/LABOR LAWS,Melissa@cleardesk.com,+370 +1-536-901-4936x28816,Melissa . Rasmussen
91,MBA - HR/LABOR LAWS,Jeffrey@cleardesk.com,+350 001-514-469-9124,Jeffrey . King
92,MBA - HR/LABOR LAWS,David@cleardesk.com,+34 001-834-405-1157x498,David . Martinez
93,MBA - HR/LABOR LAWS,Scott@cleardesk.com,+90 827-856-7961,Scott . Daniel
94,MBA - HR/LABOR LAWS,Katrina@cleardesk.com,+977 408-280-5083x5154,Katrina . Hamilton
95,MBA - HR/LABOR LAWS,Yvonne@cleardesk.com,+1 767 001-666-392-4064,Yvonne . Higgins
96,MBA - HR/LABOR LAWS,Jason@cleardesk.com,+291 001-990-432-2560x3316,Jason . Diaz
97,MBA - HR/LABOR LAWS,Andrew@cleardesk.com,+1 +1-579-939-8289x81710,Andrew . Coffey
98,MBA - HR/LABOR LAWS,Yvonne@cleardesk.com,+971 (739)713-6548x0848,Yvonne . Silva
99,MBA - HR/LABOR LAWS,Andrew@cleardesk.com,+1 671 (984)343-3394,Andrew . Wood
100,MBA - HR/LABOR LAWS,William@cleardesk.com,+82 (385)410-6460x7904,William . Torres
101,MBA - HR/LABOR LAWS,Desiree@cleardesk.com,+500 001-760-598-7379x6381,Desiree . Brown
102,MBA - HR/LABOR LAWS,Peter@cleardesk.com,+64 001-901-722-2004x259,Peter . Rivera
103,MBA - HR/LABOR LAWS,Monica@cleardesk.com,+1 473 227-711-7152x7072,Monica . Collins
104,MBA - HR/LABOR LAWS,Brenda@cleardesk.com,+216 980.371.1903x908,Brenda . Simmons
105,MBA - HR/LABOR LAWS,Victor@cleardesk.com,+421 (564)678-2106x1192,Victor . Burton
106,MBA - HR/LABOR LAWS,Jeremy@cleardesk.com,+31 +1-367-630-3316x744,Jeremy . Murphy
107,MBA - HR/LABOR LAWS,Kellie@cleardesk.com,+992 225.807.5551x29614,Kellie . Jones
108,MBA - HR/LABOR LAWS,Mary@cleardesk.com,+355 001-771-517-0707x21335,Mary . Taylor
109,MBA - HR/LABOR LAWS,Charles@cleardesk.com,+881 8 9134139886,Charles . Rogers
110,MBA - HR/LABOR LAWS,Micheal@cleardesk.com,+598 459.753.4900,Micheal . James
111,MBA - HR/LABOR LAWS,Leonard@cleardesk.com,+61 985.698.3813x133,Leonard . Wilson
112,MBA - HR/LABOR LAWS,Nancy@cleardesk.com,+598 +1-674-755-6653x944,Nancy . Quinn
113,MBA - HR/LABOR LAWS,Emily@cleardesk.com,+353 9826577290,Emily . Wiley
114,MBA - HR/LABOR LAWS,Judy@cleardesk.com,+1 264 (712)526-7709,Judy . Wyatt
115,MBA - HR/LABOR LAWS,Susan@cleardesk.com,+382 001-489-590-3202,Susan . Smith
116,MBA - HR/LABOR LAWS,Megan@cleardesk.com,+855 645.995.4347,Megan . Pineda
117,MBA - HR/LABOR LAWS,Peter@cleardesk.com,+1 649 8654460882,Peter . Green
118,MBA - HR/LABOR LAWS,Jamie@cleardesk.com,+52 802.946.3645x75165,Jamie . Simmons
119,MBA - HR/LABOR LAWS,Kayla@cleardesk.com,+1 787 (809)265-5341x7893,Kayla . Cervantes
120,MBA - HR/LABOR LAWS,Alex@cleardesk.com,+599 4 001-258-673-3661,Alex . Miranda
121,MBA - HR/LABOR LAWS,Pamela@cleardesk.com,+254 718.951.9436,Pamela . Pennington
122,MBA - HR/LABOR LAWS,Ricky@cleardesk.com,+504 +1-507-662-8432x4413,Ricky . Cruz
123,MBA - HR/LABOR LAWS,Jessica@cleardesk.com,+241 809-664-8128x81882,Jessica . Freeman
124,MBA - HR/LABOR LAWS,Rebecca@cleardesk.com,+672 1 948.976.0628x31704,Rebecca . Kramer
125,MBA - HR/LABOR LAWS,Juan@cleardesk.com,+881 8 001-811-927-1550x2369,Juan . Cox
126,MBA - HR/LABOR LAWS,Keith@cleardesk.com,+90 (354)392-6326x27453,Keith . Whitaker
127,MBA - HR/LABOR LAWS,Kristin@cleardesk.com,+596 (337)212-9517,Kristin . Walker
128,MBA - HR/LABOR LAWS,Alyssa@cleardesk.com,+44 1534 +1-396-650-1463x83205,Alyssa . White
129,MBA - HR/LABOR LAWS,Andrew@cleardesk.com,+34 +1-788-381-4257x8864,Andrew . Martin
130,MBA - HR/LABOR LAWS,Heidi@cleardesk.com,+680 215.550.0741,Heidi . Watson
131,MBA - HR/LABOR LAWS,Robert@cleardesk.com,+387 +1-548-870-2454x88163,Robert . Chambers
132,MBA - HR/LABOR LAWS,Robert@cleardesk.com,+882 13 +1-251-630-5736x820,Robert . Bonilla
133,MBA - HR/LABOR LAWS,Joseph@cleardesk.com,+598 +1-351-928-2452x016,Joseph . Martin
134,MBA - HR/LABOR LAWS,Daniel@cleardesk.com,+356 (425)846-3471x67418,Daniel . Vega
135,MBA - HR/LABOR LAWS,Angela@cleardesk.com,+1 246 +1-575-487-3704,Angela . Williams
136,MBA - HR/LABOR LAWS,Kevin@cleardesk.com,+218 +1-242-259-3156x57120,Kevin . James
137,MBA - HR/LABOR LAWS,Stephanie@cleardesk.com,+53 (804)819-0375x865,Stephanie . Horne
138,MBA - HR/LABOR LAWS,Susan@cleardesk.com,+678 001-217-339-7921x15896,Susan . Frey
139,MBA - HR/LABOR LAWS,Jacob@cleardesk.com,+226 476-570-8362x04104,Jacob . Stone
140,MBA - HR/LABOR LAWS,Eric@cleardesk.com,+257 +1-630-243-1744,Eric . Crawford
141,MBA - HR/LABOR LAWS,Stacy@cleardesk.com,+880 7493791142,Stacy . Glenn
142,MBA - HR/LABOR LAWS,Daniel@cleardesk.com,+967 209-825-0798x82909,Daniel . Webster
143,MBA - HR/LABOR LAWS,Jared@cleardesk.com,+502 +1-709-856-8431x64886,Jared . Aguilar
144,MBA - HR/LABOR LAWS,Phillip@cleardesk.com,+882 13 928-303-0136,Phillip . Craig
145,MBA - HR/LABOR LAWS,Jeffrey@cleardesk.com,+227 +1-299-478-7382,Jeffrey . Wheeler
146,MBA - HR/LABOR LAWS,Jeremy@cleardesk.com,+1 868 001-809-201-0366x6427,Jeremy . Barnes
147,MBA - HR/LABOR LAWS,Anita@cleardesk.com,+246 358.361.9573x1828,Anita . Watson
148,MBA - HR/LABOR LAWS,Wanda@cleardesk.com,+690 4454872135,Wanda . Warner
149,MBA - HR/LABOR LAWS,Joshua@cleardesk.com,+374 47 (388)852-7750x944,Joshua . Williams
150,MBA - HR/LABOR LAWS,Rebecca@cleardesk.com,+691 702.411.4136,Rebecca . Cook
151,MBA - HR/LABOR LAWS,Robert@cleardesk.com,+52 237.512.8461x80155,Robert . Gibbs
152,MBA - HR/LABOR LAWS,Heidi@cleardesk.com,+673 001-232-476-7011x598,Heidi . Maldonado
153,MBA - HR/LABOR LAWS,Christina@cleardesk.com,+387 (735)746-1003x814,Christina . Ramos
154,MBA - HR/LABOR LAWS,Justin@cleardesk.com,+593 +1-811-663-4940x6026,Justin . Barnes
155,MBA - HR/LABOR LAWS,Connie@cleardesk.com,+590 771-313-8207x11556,Connie . Harrison
156,MBA - HR/LABOR LAWS,Victor@cleardesk.com,+246 +1-271-656-9057x2988,Victor . Richardson
157,MBA - HR/LABOR LAWS,Jacob@cleardesk.com,+246 001-607-485-9001x440,Jacob . Harvey
158,MBA - HR/LABOR LAWS,Nancy@cleardesk.com,+264 001-763-989-0142x095,Nancy . Garcia
159,MBA - HR/LABOR LAWS,Richard@cleardesk.com,+373 2 886-991-8188,Richard . Neal
160,MBA - HR/LABOR LAWS,Katie@cleardesk.com,+61 89164 001-287-793-4604x270,Katie . Boyd
161,MBA - HR/LABOR LAWS,Jennifer@cleardesk.com,+231 592-382-9291,Jennifer . Wilkinson
162,MBA - HR/LABOR LAWS,Natasha@cleardesk.com,+998 001-520-516-6870,Natasha . Martinez
163,MBA - HR/LABOR LAWS,Nicholas@cleardesk.com,+211 3196565601,Nicholas . Brown
164,MBA - HR/LABOR LAWS,Maria@cleardesk.com,+52 991.222.4397x7190,Maria . Wagner
165,MBA - HR/LABOR LAWS,Andrea@cleardesk.com,+881 7 (718)249-9405x8490,Andrea . Young
166,MBA - HR/LABOR LAWS,Karen@cleardesk.com,+376 +1-582-990-1569x695,Karen . Pearson
167,MBA - HR/LABOR LAWS,Rebecca@cleardesk.com,+265 741-574-2698,Rebecca . Payne
168,MBA - HR/LABOR LAWS,Chris@cleardesk.com,+1 473 (810)256-1990x643,Chris . Robinson
169,MBA - HR/LABOR LAWS,Amanda@cleardesk.com,+383 (851)942-1498x991,Amanda . Mcpherson
170,MBA - HR/LABOR LAWS,Stephanie@cleardesk.com,+501 (915)382-1464x58632,Stephanie . Wood
171,MBA - HR/LABOR LAWS,Mary@cleardesk.com,+47 79 6242967319,Mary . Harper
172,MBA - HR/LABOR LAWS,Dorothy@cleardesk.com,+45 +1-556-434-4283,Dorothy . Foster
173,MBA - HR/LABOR LAWS,Deborah@cleardesk.com,+966 001-279-412-3063x97867,Deborah . Tyler
174,MBA - HR/LABOR LAWS,Mark@cleardesk.com,+212 (344)819-4795x2589,Mark . Bernard
175,MBA - HR/LABOR LAWS,Marcus@cleardesk.com,+685 736-885-8252x917,Marcus . James
176,MBA - HR/LABOR LAWS,Mark@cleardesk.com,+49 9282971877,Mark . Terry
177,MBA - HR/LABOR LAWS,Ryan@cleardesk.com,+672 001-898-534-1307,Ryan . Doyle
178,MBA - HR/LABOR LAWS,Thomas@cleardesk.com,+269 001-238-874-5954x7126,Thomas . Brooks
179,MBA - HR/LABOR LAWS,Marc@cleardesk.com,+1 876 001-477-850-7874,Marc . Mcintyre
180,MBA - HR/LABOR LAWS,Rachel@cleardesk.com,+44 1534 279.334.6088,Rachel . Washington
181,MBA - HR/LABOR LAWS,Becky@cleardesk.com,+34 200-620-3235x11181,Becky . Miller
182,MBA - HR/LABOR LAWS,Calvin@cleardesk.com,+1 787 +1-986-624-6656x286,Calvin . Cowan
183,MBA - HR/LABOR LAWS,Andrew@cleardesk.com,+962 (956)563-4397,Andrew . Scott
184,MBA - HR/LABOR LAWS,Brittany@cleardesk.com,+47 973-752-7850x1672,Brittany . Rivera
185,MBA - HR/LABOR LAWS,Denise@cleardesk.com,+64 473-365-9689x7807,Denise . Price
186,MBA - HR/LABOR LAWS,Laura@cleardesk.com,+44 (909)232-1712,Laura . Cox
187,MBA - HR/LABOR LAWS,Frank@cleardesk.com,+62 559.574.8166,Frank . Leon
188,MBA - HR/LABOR LAWS,Paula@cleardesk.com,+1 684 524-371-8389x395,Paula . Dixon
189,MBA - HR/LABOR LAWS,Kyle@cleardesk.com,+264 (554)998-6732x3536,Kyle . Gutierrez
190,MBA - HR/LABOR LAWS,Thomas@cleardesk.com,+247 001-776-522-4254x657,Thomas . Hayes
191,MBA - HR/LABOR LAWS,Paul@cleardesk.com,+238 (436)544-4419x0769,Paul . Harmon
192,MBA - HR/LABOR LAWS,David@cleardesk.com,+800 468-389-1437,David . Ortega
193,MBA - HR/LABOR LAWS,Thomas@cleardesk.com,+504 947-745-7274,Thomas . Norton
194,MBA - HR/LABOR LAWS,Travis@cleardesk.com,+672 (873)483-1873,Travis . Zamora
195,MBA - HR/LABOR LAWS,Leslie@cleardesk.com,+1 809 001-445-579-8619x3225,Leslie . Wilkins
196,MBA - HR/LABOR LAWS,Jason@cleardesk.com,+45 +1-629-757-2520,Jason . Acosta
197,MBA - HR/LABOR LAWS,Katie@cleardesk.com,+599 7 8979907784,Katie . Wells
198,MBA - HR/LABOR LAWS,Carolyn@cleardesk.com,+599 4 984-428-5487x27976,Carolyn . Wilson
199,MBA - HR/LABOR LAWS,Marc@cleardesk.com,+381 944.939.2550x0109,Marc . James
200,MBA - HR/LABOR LAWS,Robert@cleardesk.com,+1 345 605.280.5595x477,Robert . Tanner
201,MBA - HR/LABOR LAWS,Brady@cleardesk.com,+808 +1-889-846-5258x37061,Brady . Hayes
202,MBA - HR/LABOR LAWS,Travis@cleardesk.com,+261 001-709-834-5179x291,Travis . Gonzalez
203,MBA - HR/LABOR LAWS,Sandra@cleardesk.com,+231 9087234236,Sandra . Villarreal
204,MBA - HR/LABOR LAWS,Paige@cleardesk.com,+504 546-441-8029x05529,Paige . Brown
205,MBA - HR/LABOR LAWS,Anna@cleardesk.com,+64 813.594.5965x11901,Anna . Rivera
206,MBA - HR/LABOR LAWS,Deborah@cleardesk.com,+261 576.317.1983,Deborah . Gonzales
207,MBA - HR/LABOR LAWS,Corey@cleardesk.com,+237 9539386898,Corey . Ortega
208,MBA - HR/LABOR LAWS,Christina@cleardesk.com,+505 001-338-845-0369x5978,Christina . Ortiz
209,MBA - HR/LABOR LAWS,Tiffany@cleardesk.com,+359 001-425-551-6200x917,Tiffany . Garner
210,MBA - HR/LABOR LAWS,Lance@cleardesk.com,+506 001-303-906-9225x8368,Lance . Williams
211,MBA - HR/LABOR LAWS,Tony@cleardesk.com,+500 863.521.5209,Tony . Hunt
212,MBA - HR/LABOR LAWS,Sally@cleardesk.com,+352 001-929-988-7051,Sally . Long
213,MBA - HR/LABOR LAWS,Amanda@cleardesk.com,+1 767 (989)886-2321x1370,Amanda . Simmons
214,MBA - HR/LABOR LAWS,Dennis@cleardesk.com,+1 268 793-809-8078x49211,Dennis . Pennington
215,MBA - HR/LABOR LAWS,David@cleardesk.com,+268 (222)642-6357,David . Church
216,MBA - HR/LABOR LAWS,Cynthia@cleardesk.com,+54 925.418.4257x0985,Cynthia . Lopez
217,MBA - HR/LABOR LAWS,Penny@cleardesk.com,+47 79 (643)443-8372x75614,Penny . Peterson
218,MBA - HR/LABOR LAWS,Bruce@cleardesk.com,+974 (342)888-5206,Bruce . Smith
219,MBA - HR/LABOR LAWS,Deanna@cleardesk.com,+500 584-417-5296,Deanna . Dickerson
220,MBA - HR/LABOR LAWS,Gabriel@cleardesk.com,+504 +1-932-484-7495x828,Gabriel . Rivers
221,MBA - HR/LABOR LAWS,Erika@cleardesk.com,+64 001-254-957-4743x98447,Erika . Steele
222,MBA - HR/LABOR LAWS,Matthew@cleardesk.com,+970 +1-926-758-5467x278,Matthew . Wood
223,MBA - HR/LABOR LAWS,Kathleen@cleardesk.com,+993 (840)654-7489,Kathleen . Patterson
224,MBA - HR/LABOR LAWS,Joseph@cleardesk.com,+870 975-293-7826,Joseph . Chase
225,MBA - HR/LABOR LAWS,Nancy@cleardesk.com,+503 873-353-0890x5757,Nancy . Turner
226,MBA - HR/LABOR LAWS,Bonnie@cleardesk.com,+992 +1-856-537-0404x271,Bonnie . Thomas
227,MBA - HR/LABOR LAWS,Sarah@cleardesk.com,+503 001-872-915-7195x92121,Sarah . Tucker
228,MBA - HR/LABOR LAWS,Michael@cleardesk.com,+359 001-604-937-5924,Michael . Wright
229,MBA - HR/LABOR LAWS,Jennifer@cleardesk.com,+90 (291)237-4988x2440,Jennifer . Brown
230,MBA - HR/LABOR LAWS,Barbara@cleardesk.com,+39 06 698 581.297.7051,Barbara . Barajas
231,MBA - HR/LABOR LAWS,Charles@cleardesk.com,+599 7 001-997-878-7703x7267,Charles . Rodriguez
232,MBA - HR/LABOR LAWS,Debra@cleardesk.com,+883 (765)646-9740,Debra . Shaw
233,MBA - HR/LABOR LAWS,Paula@cleardesk.com,+212 839.788.1839x59307,Paula . Hall
234,MBA - HR/LABOR LAWS,Dylan@cleardesk.com,+1 784 813.277.0155,Dylan . Adams
235,MBA - HR/LABOR LAWS,Christine@cleardesk.com,+1 264 389-233-5501,Christine . Murphy
236,MBA - HR/LABOR LAWS,Karen@cleardesk.com,+376 6244977968,Karen . Franklin
237,MBA - HR/LABOR LAWS,Emily@cleardesk.com,+977 +1-947-413-8383x59900,Emily . Mathews
238,MBA - HR/LABOR LAWS,Gregory@cleardesk.com,+1 (338)751-2384,Gregory . Hebert
239,MBA - HR/LABOR LAWS,Jasmine@cleardesk.com,+501 313.411.4736,Jasmine . Khan
240,MBA - HR/LABOR LAWS,Regina@cleardesk.com,+1 808 +1-558-401-2268,Regina . Hayes
241,MBA - HR/LABOR LAWS,Jessica@cleardesk.com,+381 758-594-7449,Jessica . Hernandez
242,MBA - HR/LABOR LAWS,Michelle@cleardesk.com,+855 +1-978-204-9690x2375,Michelle . Phillips
243,MBA - HR/LABOR LAWS,Lauren@cleardesk.com,+58 +1-588-795-9943x350,Lauren . Krueger
244,MBA - HR/LABOR LAWS,Felicia@cleardesk.com,+44 7524 2948364212,Felicia . Miller
245,MBA - HR/LABOR LAWS,Carolyn@cleardesk.com,+235 875.343.2779x38001,Carolyn . Hutchinson
246,MBA - HR/LABOR LAWS,Michael@cleardesk.com,+383 +1-338-435-1362x60535,Michael . Hernandez
247,MBA - HR/LABOR LAWS,Christy@cleardesk.com,+213 +1-414-594-2906,Christy . Joseph
248,MBA - HR/LABOR LAWS,John@cleardesk.com,+1 869 330.627.2414,John . Good
249,MBA - HR/LABOR LAWS,Stephanie@cleardesk.com,+47 79 544-950-6480x87982,Stephanie . Mcguire
250,MBA - HR/LABOR LAWS,Jose@cleardesk.com,+55 (514)745-0437x31293,Jose . Ramirez
251,MBA - HR/LABOR LAWS,Michelle@cleardesk.com,+43 398.344.1290x45117,Michelle . Wiggins
252,MBA - HR/LABOR LAWS,Sandra@cleardesk.com,+682 (261)838-4586x595,Sandra . Stewart
253,MBA - HR/LABOR LAWS,Veronica@cleardesk.com,+596 273-237-2693x22491,Veronica . Wood
254,MBA - HR/LABOR LAWS,Tamara@cleardesk.com,+56 (216)521-2968x63118,Tamara . Padilla
255,MBA - HR/LABOR LAWS,Lisa@cleardesk.com,+970 366-690-5502,Lisa . Holland
256,MBA - HR/LABOR LAWS,Joseph@cleardesk.com,+1 808 +1-604-749-8974x4466,Joseph . Davis
257,MBA - HR/LABOR LAWS,Michelle@cleardesk.com,+389 910.721.2004,Michelle . Gamble
258,MBA - HR/LABOR LAWS,Sheila@cleardesk.com,+881 3 816-563-8117x680,Sheila . Hodges
259,MBA - HR/LABOR LAWS,Frank@cleardesk.com,+376 2798514252,Frank . Schwartz
260,MBA - HR/LABOR LAWS,Benjamin@cleardesk.com,+672 1 +1-973-278-8842x40157,Benjamin . Valdez
261,MBA - HR/LABOR LAWS,Tammy@cleardesk.com,+34 7128953754,Tammy . Parker
262,MBA - HR/LABOR LAWS,Adriana@cleardesk.com,+66 4838051691,Adriana . Jones
263,MBA - HR/LABOR LAWS,Tony@cleardesk.com,+235 424.780.5626x79352,Tony . Reynolds
264,MBA - HR/LABOR LAWS,Joshua@cleardesk.com,+593 785-539-3383x31111,Joshua . Bender
265,MBA - HR/LABOR LAWS,Gloria@cleardesk.com,+383 +1-394-401-7004x07232,Gloria . Wise
266,MBA - HR/LABOR LAWS,Joseph@cleardesk.com,+230 896-550-4556x48210,Joseph . George
267,MBA - HR/LABOR LAWS,Savannah@cleardesk.com,+501 (578)484-5962x2520,Savannah . Avila
268,MBA - HR/LABOR LAWS,Hailey@cleardesk.com,+1 868 (508)775-2444,Hailey . Gonzalez
269,MBA - HR/LABOR LAWS,Linda@cleardesk.com,+233 (430)379-0518,Linda . Ellison
270,MBA - HR/LABOR LAWS,Faith@cleardesk.com,+508 717-736-7831,Faith . Obrien
271,MBA - HR/LABOR LAWS,Timothy@cleardesk.com,+236 282.286.4573x07708,Timothy . Mitchell
272,MBA - HR/LABOR LAWS,Eric@cleardesk.com,+672 3 644.638.1160x82550,Eric . Lambert
273,MBA - HR/LABOR LAWS,Darren@cleardesk.com,+226 +1-333-884-1174x75608,Darren . Bishop
274,MBA - HR/LABOR LAWS,Dana@cleardesk.com,+242 964.983.3332,Dana . Nunez
275,MBA - HR/LABOR LAWS,Michael@cleardesk.com,+226 2502856584,Michael . Gonzalez
276,MBA - HR/LABOR LAWS,Monica@cleardesk.com,+683 +1-249-987-9931,Monica . Curtis
277,MBA - HR/LABOR LAWS,Mark@cleardesk.com,+674 (281)856-8738,Mark . Pearson
278,MBA - HR/LABOR LAWS,Darin@cleardesk.com,+599 9 +1-858-436-6302x31156,Darin . Howard
279,MBA - HR/LABOR LAWS,Randy@cleardesk.com,+680 001-352-640-6981x074,Randy . Rios
280,MBA - HR/LABOR LAWS,Jennifer@cleardesk.com,+597 998.849.6664,Jennifer . Whitaker
281,MBA - HR/LABOR LAWS,Gary@cleardesk.com,+800 939.760.4490x122,Gary . Osborne
282,MBA - HR/LABOR LAWS,Connor@cleardesk.com,+92 976-653-0640,Connor . Michael
283,MBA - HR/LABOR LAWS,Thomas@cleardesk.com,+672 1 369.537.0825,Thomas . Mcgrath
284,MBA - HR/LABOR LAWS,Brett@cleardesk.com,+244 001-645-250-8560x167,Brett . Lutz
285,MBA - HR/LABOR LAWS,Matthew@cleardesk.com,+686 656-493-9528x00216,Matthew . Gutierrez
286,MBA - HR/LABOR LAWS,Carrie@cleardesk.com,+689 001-582-429-2701x23097,Carrie . Todd
287,MBA - HR/LABOR LAWS,Adam@cleardesk.com,+33 8315637572,Adam . Adams
288,MBA - HR/LABOR LAWS,Mark@cleardesk.com,+1 264 327-285-0727x875,Mark . Moore
289,MBA - HR/LABOR LAWS,Barbara@cleardesk.com,+886 569-709-3605x942,Barbara . Rose
290,MBA - HR/LABOR LAWS,Joshua@cleardesk.com,+1 671 (831)297-5224x864,Joshua . Lewis
291,MBA - HR/LABOR LAWS,William@cleardesk.com,+61 882.538.6639x82012,William . Willis
292,MBA - HR/LABOR LAWS,Melissa@cleardesk.com,+870 001-614-294-3474x4269,Melissa . Donaldson
293,MBA - HR/LABOR LAWS,Tanya@cleardesk.com,+226 +1-801-407-0786x44650,Tanya . Salazar
294,MBA - HR/LABOR LAWS,Christopher@cleardesk.com,+229 495-299-8832x13539,Christopher . Silva
295,MBA - HR/LABOR LAWS,Oscar@cleardesk.com,+244 531.845.3367x017,Oscar . Patel
296,MBA - HR/LABOR LAWS,Troy@cleardesk.com,+971 001-949-828-8315x1801,Troy . Hernandez
297,MBA - HR/LABOR LAWS,Madeline@cleardesk.com,+61 89162 001-720-227-5751x8400,Madeline . Mcdaniel
298,MBA - HR/LABOR LAWS,Krista@cleardesk.com,+373 2 469-792-3003,Krista . Sawyer
299,MBA - HR/LABOR LAWS,Madison@cleardesk.com,+855 +1-444-384-2048x144,Madison . Massey
300,MBA - HR/LABOR LAWS,Jennifer@cleardesk.com,+1 849 305.455.5728x52559,Jennifer . Valenzuela
301,MBA - HR/LABOR LAWS,Jennifer@cleardesk.com,+45 +1-329-565-1554x72466,Jennifer . Martin
302,MBA - HR/LABOR LAWS,Erik@cleardesk.com,+1 758 001-568-744-9927,Erik . Johnson
303,MBA - HR/LABOR LAWS,Christopher@cleardesk.com,+236 5613167346,Christopher . Gordon
304,MBA - HR/LABOR LAWS,Jill@cleardesk.com,+1 684 +1-593-222-7663x2137,Jill . Thompson
305,MBA - HR/LABOR LAWS,Mark@cleardesk.com,+504 001-556-430-7902x88965,Mark . Morgan
306,MBA - HR/LABOR LAWS,Amy@cleardesk.com,+240 +1-733-625-2033x875,Amy . Lopez
307,MBA - HR/LABOR LAWS,Jacob@cleardesk.com,+262 269 532.376.9395x78987,Jacob . Rivera
308,MBA - HR/LABOR LAWS,Jessica@cleardesk.com,+52 9532859798,Jessica . Powers
309,MBA - HR/LABOR LAWS,Andrew@cleardesk.com,+1 869 941.431.9488x539,Andrew . Lucas
310,MBA - HR/LABOR LAWS,Mark@cleardesk.com,+354 554-870-2469,Mark . Fritz
311,MBA - HR/LABOR LAWS,Nathan@cleardesk.com,+44 7839 391.479.5825x6165,Nathan . Brown
312,MBA - HR/LABOR LAWS,Stanley@cleardesk.com,+53 298-718-3869x61656,Stanley . Moreno
313,MBA - HR/LABOR LAWS,Charles@cleardesk.com,+86 781.990.1097x871,Charles . Charles
314,MBA - HR/LABOR LAWS,Richard@cleardesk.com,+1 721 973.505.0883x435,Richard . Clarke
315,MBA - HR/LABOR LAWS,Rebecca@cleardesk.com,+90 392 976.680.3516x7780,Rebecca . Franklin
316,MBA - HR/LABOR LAWS,Sarah@cleardesk.com,+962 +1-891-236-6360x846,Sarah . Wood
317,MBA - HR/LABOR LAWS,Renee@cleardesk.com,+243 001-738-335-4832x35387,Renee . Miller
318,MBA - HR/LABOR LAWS,Tanya@cleardesk.com,+994 411-214-9844x275,Tanya . Orozco
319,MBA - HR/LABOR LAWS,Kathleen@cleardesk.com,+1 671 268.582.6912x7807,Kathleen . Mccormick
320,MBA - HR/LABOR LAWS,Lisa@cleardesk.com,+84 001-827-861-3108x502,Lisa . Nielsen
321,MBA - HR/LABOR LAWS,Matthew@cleardesk.com,+599 7 513-413-5786,Matthew . Rose
322,MBA - HR/LABOR LAWS,Alison@cleardesk.com,+1 829 (921)541-8035x015,Alison . Gentry
323,MBA - HR/LABOR LAWS,Emily@cleardesk.com,+354 4965137664,Emily . Buchanan
324,MBA - HR/LABOR LAWS,Thomas@cleardesk.com,+882 16 (556)883-9512x207,Thomas . Gonzalez
325,MBA - HR/LABOR LAWS,Kristy@cleardesk.com,+971 +1-313-625-7146x1796,Kristy . Harris
326,MBA - HR/LABOR LAWS,Michael@cleardesk.com,+998 913-528-8596x2003,Michael . Bishop
327,MBA - HR/LABOR LAWS,Kimberly@cleardesk.com,+374 47 +1-885-888-2244x1918,Kimberly . Patterson
328,MBA - HR/LABOR LAWS,Barry@cleardesk.com,+246 880.713.9799x78303,Barry . Galvan
329,MBA - HR/LABOR LAWS,Andrea@cleardesk.com,+1 787 761.386.6623x11096,Andrea . Lewis
330,MBA - HR/LABOR LAWS,Danielle@cleardesk.com,+967 784-868-1796x306,Danielle . Gates
331,MBA - HR/LABOR LAWS,Kelli@cleardesk.com,+58 293-444-9413,Kelli . Lawrence
332,MBA - HR/LABOR LAWS,Travis@cleardesk.com,+44 7839 692.635.5019x0791,Travis . Thompson
333,MBA - HR/LABOR LAWS,William@cleardesk.com,+808 534.573.0061,William . Delacruz
334,MBA - HR/LABOR LAWS,Joseph@cleardesk.com,+1 868 800-389-2657x58332,Joseph . Jones
335,MBA - HR/LABOR LAWS,Sandra@cleardesk.com,+1 441 (736)771-9983x1640,Sandra . Jackson
336,MBA - HR/LABOR LAWS,Michele@cleardesk.com,+98 736.987.2875,Michele . Miller
337,MBA - HR/LABOR LAWS,Gary@cleardesk.com,+43 880-597-0180x88704,Gary . Nielsen
338,MBA - HR/LABOR LAWS,Nicholas@cleardesk.com,+683 (587)642-5007x72296,Nicholas . Wiggins
339,MBA - HR/LABOR LAWS,Jorge@cleardesk.com,+1 808 370-998-3806x880,Jorge . Lam
340,MBA - HR/LABOR LAWS,Colin@cleardesk.com,+299 783.572.4234,Colin . Martin
341,MBA - HR/LABOR LAWS,Cassandra@cleardesk.com,+967 001-203-422-1147x895,Cassandra . Lopez
342,MBA - HR/LABOR LAWS,Heather@cleardesk.com,+590 (646)260-6032,Heather . Vega
343,MBA - HR/LABOR LAWS,Kelly@cleardesk.com,+265 001-247-367-5569x233,Kelly . Brown
344,MBA - HR/LABOR LAWS,Samuel@cleardesk.com,+998 419.901.3637x0227,Samuel . Berry
345,MBA - HR/LABOR LAWS,Cindy@cleardesk.com,+685 511-219-2294,Cindy . Stevens
346,MBA - HR/LABOR LAWS,James@cleardesk.com,+233 001-542-380-7257x76574,James . Lutz
347,MBA - HR/LABOR LAWS,Jonathon@cleardesk.com,+672 001-976-783-8520,Jonathon . Potter
348,MBA - HR/LABOR LAWS,Joseph@cleardesk.com,+500 +1-621-233-3052x142,Joseph . Kirk
349,MBA - HR/LABOR LAWS,Terrence@cleardesk.com,+599 7 001-533-808-9867,Terrence . Daugherty
350,MBA - HR/LABOR LAWS,Caitlin@cleardesk.com,+44 1481 (505)962-7755,Caitlin . Rowland
351,MBA - HR/LABOR LAWS,John@cleardesk.com,+501 288-822-3580x7608,John . Tran
352,MBA - HR/LABOR LAWS,Kevin@cleardesk.com,+881 0 826.445.7743,Kevin . Reynolds
353,MBA - HR/LABOR LAWS,Cindy@cleardesk.com,+242 824-767-4639x48831,Cindy . Fox
354,MBA - HR/LABOR LAWS,Jade@cleardesk.com,+235 419.352.4111,Jade . Ortiz
355,MBA - HR/LABOR LAWS,Laura@cleardesk.com,+58 (302)846-6943,Laura . Jacobs
356,MBA - HR/LABOR LAWS,Melanie@cleardesk.com,+238 561-626-1760,Melanie . Rodriguez
357,MBA - HR/LABOR LAWS,Jessica@cleardesk.com,+213 296.443.8248x950,Jessica . Shields
358,MBA - HR/LABOR LAWS,Jeffrey@cleardesk.com,+255 001-311-556-7795x1081,Jeffrey . Peters
359,MBA - HR/LABOR LAWS,Karla@cleardesk.com,+878 471.747.4347,Karla . Allen
360,MBA - HR/LABOR LAWS,Scott@cleardesk.com,+81 892-560-5825,Scott . Smith
361,MBA - HR/LABOR LAWS,Heather@cleardesk.com,+593 (309)200-3059,Heather . Elliott
362,MBA - HR/LABOR LAWS,Jason@cleardesk.com,+39 06 698 532-997-7216x1402,Jason . Haynes
363,MBA - HR/LABOR LAWS,Samantha@cleardesk.com,+92 830-964-7764,Samantha . Burns
364,MBA - HR/LABOR LAWS,Brandi@cleardesk.com,+880 (493)325-4535,Brandi . Reynolds
365,MBA - HR/LABOR LAWS,Cindy@cleardesk.com,+599 9 423.848.0991x204,Cindy . Garcia
366,MBA - HR/LABOR LAWS,Emma@cleardesk.com,+882 16 572-724-7865,Emma . Barker
367,MBA - HR/LABOR LAWS,Mark@cleardesk.com,+61 89162 620-257-5825,Mark . Mooney
368,MBA - HR/LABOR LAWS,Melissa@cleardesk.com,+298 556-207-5596x31212,Melissa . Cruz
369,MBA - HR/LABOR LAWS,Amanda@cleardesk.com,+500 344-329-1868,Amanda . Oconnell
370,MBA - HR/LABOR LAWS,William@cleardesk.com,+63 514-381-7928x461,William . Armstrong
371,MBA - HR/LABOR LAWS,Aaron@cleardesk.com,+244 939-565-1236,Aaron . Cherry
372,MBA - HR/LABOR LAWS,Tonya@cleardesk.com,+509 370-714-5651x102,Tonya . Harding
373,MBA - HR/LABOR LAWS,Eric@cleardesk.com,+55 (829)561-7610,Eric . Johnson
374,MBA - HR/LABOR LAWS,Erica@cleardesk.com,+27 411.344.2443x37912,Erica . Ball
375,MBA - HR/LABOR LAWS,Christopher@cleardesk.com,+234 7432740369,Christopher . Davis
376,MBA - HR/LABOR LAWS,Kaitlyn@cleardesk.com,+503 482.784.5480x34674,Kaitlyn . Elliott
377,MBA - HR/LABOR LAWS,Becky@cleardesk.com,+1 649 (486)349-3460,Becky . Cabrera
378,MBA - HR/LABOR LAWS,Nancy@cleardesk.com,+64 2048565126,Nancy . Garcia
379,MBA - HR/LABOR LAWS,Jessica@cleardesk.com,+61 +1-317-524-8393x22870,Jessica . Hernandez
380,MBA - HR/LABOR LAWS,Rhonda@cleardesk.com,+256 713.865.6637x36604,Rhonda . Santana
381,MBA - HR/LABOR LAWS,Lori@cleardesk.com,+350 (669)703-8614x555,Lori . Baker
382,MBA - HR/LABOR LAWS,Raven@cleardesk.com,+1 767 959.532.0179x5392,Raven . Myers
383,MBA - HR/LABOR LAWS,Peter@cleardesk.com,+230 (883)926-3639x6896,Peter . Williams
384,MBA - HR/LABOR LAWS,Krista@cleardesk.com,+387 515.522.7991x4858,Krista . Howe
385,MBA - HR/LABOR LAWS,Paige@cleardesk.com,+371 880.488.3375,Paige . Washington
386,MBA - HR/LABOR LAWS,Sara@cleardesk.com,+230 (623)947-5343x86083,Sara . Williams
387,MBA - HR/LABOR LAWS,Rebecca@cleardesk.com,+381 335-973-2290,Rebecca . Miller
388,MBA - HR/LABOR LAWS,Kelli@cleardesk.com,+375 001-309-881-9131,Kelli . Simpson
389,MBA - HR/LABOR LAWS,Michelle@cleardesk.com,+49 +1-930-862-7533,Michelle . Price
390,MBA - HR/LABOR LAWS,Stephanie@cleardesk.com,+1 473 (577)605-5465,Stephanie . Ferguson
391,MBA - HR/LABOR LAWS,Patricia@cleardesk.com,+808 001-357-381-6043x6260,Patricia . Mcdonald
392,MBA - HR/LABOR LAWS,Teresa@cleardesk.com,+852 (353)214-3143x66188,Teresa . Austin
393,MBA - HR/LABOR LAWS,Adrian@cleardesk.com,+61 (585)468-9415x0815,Adrian . Campbell
394,MBA - HR/LABOR LAWS,Michelle@cleardesk.com,+373 2 001-383-968-1647x26139,Michelle . Francis
395,MBA - HR/LABOR LAWS,Calvin@cleardesk.com,+52 001-811-769-1122x704,Calvin . Campbell
396,MBA - HR/LABOR LAWS,Richard@cleardesk.com,+51 +1-917-630-8894x42017,Richard . Carter
397,MBA - HR/LABOR LAWS,Erin@cleardesk.com,+973 936-291-2732x2474,Erin . May
398,MBA - HR/LABOR LAWS,Laura@cleardesk.com,+62 9655749963,Laura . Erickson
399,MBA - HR/LABOR LAWS,Tiffany@cleardesk.com,+687 278-920-6020,Tiffany . Young
400,MBA - HR/LABOR LAWS,Amy@cleardesk.com,+968 924-573-8315x6504,Amy . Irwin
401,MBA - HR/LABOR LAWS,Charles@cleardesk.com,+971 (971)551-5721,Charles . Allen
402,MBA - HR/LABOR LAWS,Jeremy@cleardesk.com,+686 5393634030,Jeremy . Valdez
403,MBA - HR/LABOR LAWS,Melanie@cleardesk.com,+1 809 (585)586-2675x59419,Melanie . Arnold
404,MBA - HR/LABOR LAWS,Dana@cleardesk.com,+881 +1-899-209-7670x532,Dana . Ward
405,MBA - HR/LABOR LAWS,Emily@cleardesk.com,+509 794-914-5389x8942,Emily . Padilla
406,MBA - HR/LABOR LAWS,Matthew@cleardesk.com,+61 89164 8528103351,Matthew . Snyder
407,MBA - HR/LABOR LAWS,Nicole@cleardesk.com,+387 745.625.4682,Nicole . Adams
408,MBA - HR/LABOR LAWS,Heather@cleardesk.com,+44 28 811.763.8083x869,Heather . Taylor
409,MBA - HR/LABOR LAWS,Peter@cleardesk.com,+1 808 001-385-849-8214,Peter . Garcia
410,MBA - HR/LABOR LAWS,Robert@cleardesk.com,+212 332.467.9986x1518,Robert . Reid
411,MBA - HR/LABOR LAWS,Ronnie@cleardesk.com,+246 6106531121,Ronnie . Gutierrez
412,MBA - HR/LABOR LAWS,Cristian@cleardesk.com,+92 374.541.2205x545,Cristian . Lewis
413,MBA - HR/LABOR LAWS,Rebecca@cleardesk.com,+32 282.520.5322x16948,Rebecca . Herrera
414,MBA - HR/LABOR LAWS,Jill@cleardesk.com,+47 79 (431)731-4307x95004,Jill . Beltran
415,MBA - HR/LABOR LAWS,Peter@cleardesk.com,+255 24 377.405.1614x23163,Peter . Wilson
416,MBA - HR/LABOR LAWS,Joel@cleardesk.com,+93 (426)398-4681x88332,Joel . Miller
417,MBA - HR/LABOR LAWS,Paul@cleardesk.com,+64 +1-492-334-8938x86123,Paul . Baker
418,MBA - HR/LABOR LAWS,Brandon@cleardesk.com,+973 (299)237-4827x6932,Brandon . Horn
419,MBA - HR/LABOR LAWS,Marcus@cleardesk.com,+250 3123785900,Marcus . Stephens
420,MBA - HR/LABOR LAWS,Keith@cleardesk.com,+674 627.888.4732x2537,Keith . Lee
421,MBA - HR/LABOR LAWS,Francisco@cleardesk.com,+856 001-706-607-4728x868,Francisco . Stephenson
422,MBA - HR/LABOR LAWS,Martha@cleardesk.com,+257 (611)443-6938x2918,Martha . Lee
423,MBA - HR/LABOR LAWS,James@cleardesk.com,+1 264 508-865-2624x910,James . Gould
424,MBA - HR/LABOR LAWS,Kyle@cleardesk.com,+353 729.325.5265x9807,Kyle . Obrien
425,MBA - HR/LABOR LAWS,Patrick@cleardesk.com,+599 4 (830)250-2322x6625,Patrick . Scott
426,MBA - HR/LABOR LAWS,Adam@cleardesk.com,+502 9573683381,Adam . Smith
427,MBA - HR/LABOR LAWS,Yolanda@cleardesk.com,+870 (400)849-4314x10968,Yolanda . Werner
428,MBA - HR/LABOR LAWS,Scott@cleardesk.com,+386 424.431.1132x268,Scott . Perkins
429,MBA - HR/LABOR LAWS,Sharon@cleardesk.com,+688 980-848-8624,Sharon . Harper
430,MBA - HR/LABOR LAWS,Alexander@cleardesk.com,+979 (234)346-9964,Alexander . Freeman
431,MBA - HR/LABOR LAWS,David@cleardesk.com,+240 001-919-542-1853,David . Reeves
432,MBA - HR/LABOR LAWS,Sylvia@cleardesk.com,+882 13 001-259-998-7831x625,Sylvia . Cooke
433,MBA - HR/LABOR LAWS,Kimberly@cleardesk.com,+350 +1-962-908-7635,Kimberly . Mason
434,MBA - HR/LABOR LAWS,Hannah@cleardesk.com,+976 +1-367-672-8746x3680,Hannah . Jackson
435,MBA - HR/LABOR LAWS,Tracy@cleardesk.com,+1 784 (764)209-1372,Tracy . Morales
436,MBA - HR/LABOR LAWS,Tammy@cleardesk.com,+212 001-725-838-8159x95046,Tammy . White
437,MBA - HR/LABOR LAWS,Holly@cleardesk.com,+64 (755)878-6049,Holly . Jones
438,MBA - HR/LABOR LAWS,Brian@cleardesk.com,+1 268 417-274-7548,Brian . Martinez
439,MBA - HR/LABOR LAWS,Marcus@cleardesk.com,+33 779-688-7561,Marcus . Romero
440,MBA - HR/LABOR LAWS,Janet@cleardesk.com,+262 639 (226)617-6527,Janet . Phillips
441,MBA - HR/LABOR LAWS,Thomas@cleardesk.com,+290 8 440.905.1210x2294,Thomas . Davis
442,MBA - HR/LABOR LAWS,Mary@cleardesk.com,+60 001-242-225-0072,Mary . Rice
443,MBA - HR/LABOR LAWS,Ian@cleardesk.com,+359 609-689-0884,Ian . Perez
444,MBA - HR/LABOR LAWS,Kristy@cleardesk.com,+86 (889)623-3587,Kristy . Washington
445,MBA - HR/LABOR LAWS,Heather@cleardesk.com,+44 7839 520.609.1265,Heather . Zimmerman
446,MBA - HR/LABOR LAWS,Amanda@cleardesk.com,+599 7 6008089359,Amanda . Parker
447,MBA - HR/LABOR LAWS,Danielle@cleardesk.com,+964 +1-662-954-9442x4942,Danielle . Anderson
448,MBA - HR/LABOR LAWS,Michael@cleardesk.com,+30 +1-626-452-7554x0299,Michael . Jones
449,MBA - HR/LABOR LAWS,Madison@cleardesk.com,+995 34 +1-464-360-4613x343,Madison . Vega
450,MBA - HR/LABOR LAWS,Eric@cleardesk.com,+995 347.483.1906x51536,Eric . Harvey
451,MBA - HR/LABOR LAWS,Sharon@cleardesk.com,+881 6 +1-736-557-1233x8487,Sharon . Leon
452,MBA - HR/LABOR LAWS,Kelsey@cleardesk.com,+856 +1-248-309-4473x21259,Kelsey . Nielsen
453,MBA - HR/LABOR LAWS,Shirley@cleardesk.com,+1 939 5519459550,Shirley . Stewart
454,MBA - HR/LABOR LAWS,Jason@cleardesk.com,+223 858-638-1755x63664,Jason . Cruz
455,MBA - HR/LABOR LAWS,Aaron@cleardesk.com,+1 242 644.732.6116x59156,Aaron . Hernandez
456,MBA - HR/LABOR LAWS,Stephanie@cleardesk.com,+1 784 001-988-911-6815x3738,Stephanie . Castillo
457,MBA - HR/LABOR LAWS,Lindsey@cleardesk.com,+678 (808)747-7715x7931,Lindsey . Ho
458,MBA - HR/LABOR LAWS,Rebecca@cleardesk.com,+591 +1-278-972-3240,Rebecca . Hart
459,MBA - HR/LABOR LAWS,Maria@cleardesk.com,+976 4514301923,Maria . Mckinney
460,MBA - HR/LABOR LAWS,Timothy@cleardesk.com,+852 (378)551-9471,Timothy . Daniels
461,MBA - HR/LABOR LAWS,Tony@cleardesk.com,+213 262.917.6825x220,Tony . Johnson
462,MBA - HR/LABOR LAWS,Kendra@cleardesk.com,+253 (932)495-8529x01045,Kendra . Weaver
463,MBA - HR/LABOR LAWS,Tyler@cleardesk.com,+53 (813)281-4351x385,Tyler . Jones
464,MBA - HR/LABOR LAWS,Shawn@cleardesk.com,+870 236-886-0677,Shawn . Patterson
465,MBA - HR/LABOR LAWS,Krystal@cleardesk.com,+1 268 7065048369,Krystal . White
466,MBA - HR/LABOR LAWS,Mary@cleardesk.com,+356 +1-514-581-2919x5040,Mary . Smith
467,MBA - HR/LABOR LAWS,Holly@cleardesk.com,+40 (500)839-2384,Holly . Soto
468,MBA - HR/LABOR LAWS,Linda@cleardesk.com,+994 380-206-3041x878,Linda . Villarreal
469,MBA - HR/LABOR LAWS,Jacob@cleardesk.com,+380 (638)810-8797x63303,Jacob . Jones
470,MBA - HR/LABOR LAWS,Mark@cleardesk.com,+229 +1-264-210-5304x56091,Mark . Sanchez
471,MBA - HR/LABOR LAWS,David@cleardesk.com,+60 (340)776-3828x2441,David . Miller
472,MBA - HR/LABOR LAWS,Bradley@cleardesk.com,+231 701-882-7743x16018,Bradley . Jones
473,MBA - HR/LABOR LAWS,Alex@cleardesk.com,+20 791-887-7866x3644,Alex . Allen
474,MBA - HR/LABOR LAWS,Andrew@cleardesk.com,+27 +1-936-519-6448x6874,Andrew . Hahn
475,MBA - HR/LABOR LAWS,Carolyn@cleardesk.com,+1 (972)305-3953x87069,Carolyn . Davis
476,MBA - HR/LABOR LAWS,Eric@cleardesk.com,+591 584-245-3965,Eric . Cummings
477,MBA - HR/LABOR LAWS,Brittany@cleardesk.com,+1 869 317-948-6516,Brittany . Moran
478,MBA - HR/LABOR LAWS,Jennifer@cleardesk.com,+269 001-771-223-6322,Jennifer . Barker
479,MBA - HR/LABOR LAWS,Brian@cleardesk.com,+686 (237)759-0405,Brian . Simmons
480,MBA - HR/LABOR LAWS,Micheal@cleardesk.com,+1 809 (385)261-7900,Micheal . Lewis
481,MBA - HR/LABOR LAWS,Stephen@cleardesk.com,+1 758 540-329-1317,Stephen . Parker
482,MBA - HR/LABOR LAWS,Colleen@cleardesk.com,+237 701.778.2844,Colleen . Quinn
483,MBA - HR/LABOR LAWS,Todd@cleardesk.com,+886 591-735-2862x632,Todd . Thomas
484,MBA - HR/LABOR LAWS,Nicole@cleardesk.com,+20 +1-380-921-8922x456,Nicole . Wade
485,MBA - HR/LABOR LAWS,Brian@cleardesk.com,+64 227.207.3098x8028,Brian . Johnson
486,MBA - HR/LABOR LAWS,Caitlin@cleardesk.com,+253 921.327.1477x67652,Caitlin . Bailey
487,MBA - HR/LABOR LAWS,Heather@cleardesk.com,+676 9282296617,Heather . Kelly
488,MBA - HR/LABOR LAWS,Elizabeth@cleardesk.com,+1 829 2578902732,Elizabeth . Lyons
489,MBA - HR/LABOR LAWS,Deanna@cleardesk.com,+1 268 +1-923-573-2896x87885,Deanna . Todd
490,MBA - HR/LABOR LAWS,Robert@cleardesk.com,+82 455.671.9503,Robert . Johnson
491,MBA - HR/LABOR LAWS,Suzanne@cleardesk.com,+7 +1-210-799-6128x2771,Suzanne . Brown
492,MBA - HR/LABOR LAWS,Robert@cleardesk.com,+248 (482)596-0427x335,Robert . Jackson
493,MBA - HR/LABOR LAWS,Patrick@cleardesk.com,+355 001-702-938-1925x092,Patrick . Phillips
494,MBA - HR/LABOR LAWS,Kelsey@cleardesk.com,+252 892.546.9346x47083,Kelsey . York
495,MBA - HR/LABOR LAWS,Mario@cleardesk.com,+268 (989)622-9220x9576,Mario . West
496,MBA - HR/LABOR LAWS,Tara@cleardesk.com,+599 7 (797)466-8093,Tara . Shannon
497,MBA - HR/LABOR LAWS,Laura@cleardesk.com,+46 (808)291-7927,Laura . Franco
498,MBA - HR/LABOR LAWS,Matthew@cleardesk.com,+373 2 664.560.8014x0230,Matthew . Olsen
499,MBA - HR/LABOR LAWS,Corey@cleardesk.com,+599 3 001-845-387-8951x39227,Corey . James
500,MBA - HR/LABOR LAWS,Shannon@cleardesk.com,+1 809 +1-717-404-2986x1052,Shannon . Shelton
